{
  "test_loss": 0.9479749370262044,
  "test_accuracy": 0.5956646936490162,
  "test_mse": 1.6204607262837947,
  "confusion_matrix": [
    [
      1895,
      896,
      0,
      159,
      206
    ],
    [
      644,
      1956,
      0,
      398,
      149
    ],
    [
      1,
      0,
      0,
      0,
      0
    ],
    [
      267,
      934,
      0,
      1225,
      686
    ],
    [
      149,
      160,
      0,
      406,
      2371
    ]
  ],
  "classification_report": {
    "0": {
      "precision": 0.6410690121786198,
      "recall": 0.6004435994930292,
      "f1-score": 0.6200916230366492,
      "support": 3156.0
    },
    "1": {
      "precision": 0.49569183983781046,
      "recall": 0.6215443279313632,
      "f1-score": 0.5515296771464825,
      "support": 3147.0
    },
    "2": {
      "precision": 0.0,
      "recall": 0.0,
      "f1-score": 0.0,
      "support": 1.0
    },
    "3": {
      "precision": 0.5598720292504571,
      "recall": 0.3936375321336761,
      "f1-score": 0.46226415094339623,
      "support": 3112.0
    },
    "4": {
      "precision": 0.6949003516998827,
      "recall": 0.7683084899546339,
      "f1-score": 0.7297630040012312,
      "support": 3086.0
    },
    "accuracy": 0.5956646936490162,
    "macro avg": {
      "precision": 0.47830664659335403,
      "recall": 0.4767867899025404,
      "f1-score": 0.4727296910255518,
      "support": 12502.0
    },
    "weighted avg": {
      "precision": 0.5974996210829127,
      "recall": 0.5956646936490162,
      "f1-score": 0.5905685269850659,
      "support": 12502.0
    }
  },
  "true_label_distribution": {
    